{
  "schema_version": 2,
  "method_notes": {
    "data_roles": "disjoint temperature-fit, evaluation, and deployment batches",
    "decision_calibrator": "binary Platt scaling for the human-presence risk proxy",
    "count_interval": "Poisson-binomial realised-count interval with width calibrated on a separate deployment-sized labelled batch",
    "upper_policy": "predictive upper-bound / interval-robust; not distributionally robust optimisation"
  },
  "single": {
    "seed": 1234.0,
    "T_true": 0.45,
    "T_hat": 4.507263471995292,
    "platt_slope": 0.3566667089144318,
    "platt_intercept": -0.8873155587540469,
    "fit_images": 6408.0,
    "evaluation_images": 4840.0,
    "interval_calibration_images": 16047.0,
    "deployment_images": 16228.0,
    "interval_expansion": 1.0,
    "base_predictive_coverage": 0.9,
    "predictive_coverage": 0.9525,
    "nominal_predictive_coverage": 0.9,
    "top_ece_raw": 0.3276090064806103,
    "top_ece_temperature": 0.04102930672676465,
    "multiclass_brier_raw": 0.8384612121769336,
    "multiclass_brier_temperature": 0.654291976275469,
    "multiclass_nll_raw": 1.854442617761877,
    "multiclass_nll_temperature": 1.1902144291217684,
    "threat_ece_raw": 0.10518276603277515,
    "threat_ece_temperature": 0.06686401507147638,
    "threat_ece_platt": 0.018745688745215105,
    "threat_brier_raw": 0.11942919361522601,
    "threat_brier_temperature": 0.09345116575526578,
    "threat_brier_platt": 0.08904614089983955,
    "utility_oracle": 484.1239534906695,
    "utility_naive": 468.4629452387771,
    "utility_temperature": 479.58130642422185,
    "utility_calibrated": 482.0009799548247,
    "utility_upper": 482.28904006385005,
    "regret_naive": 15.66100825189244,
    "regret_naive_pct": 3.2349170370464377,
    "regret_temperature": 4.542647066447671,
    "regret_temperature_pct": 0.9383231368111227,
    "regret_calibrated": 2.122973535844835,
    "regret_calibrated_pct": 0.4385185902365707,
    "regret_upper": 1.834913426819469,
    "regret_upper_pct": 0.37901727720539924,
    "pct_naive_regret_closed_temperature": 70.99390413833191,
    "pct_naive_regret_closed_calibrated": 86.44420907199063,
    "pct_naive_regret_closed_upper": 88.2835549454631
  },
  "multiseed_summary": {
    "top_ece_raw": {
      "mean": 0.3410826684124665,
      "sd": 0.010412384779504359
    },
    "top_ece_temperature": {
      "mean": 0.04835500609405867,
      "sd": 0.010423010339192249
    },
    "threat_ece_raw": {
      "mean": 0.1106593894482423,
      "sd": 0.013437252725704393
    },
    "threat_ece_temperature": {
      "mean": 0.05675444049548108,
      "sd": 0.005433501722520116
    },
    "threat_ece_platt": {
      "mean": 0.016783124908427483,
      "sd": 0.00454319234411628
    },
    "regret_naive_pct": {
      "mean": 2.6374563874170502,
      "sd": 0.5083961338514831
    },
    "regret_temperature_pct": {
      "mean": 0.5448830569389633,
      "sd": 0.21088744552718228
    },
    "regret_calibrated_pct": {
      "mean": 0.3284538464990637,
      "sd": 0.08096935643930378
    },
    "regret_upper_pct": {
      "mean": 0.3391198438107253,
      "sd": 0.15188259550779287
    },
    "pct_naive_regret_closed_temperature": {
      "mean": 79.66505245230697,
      "sd": 4.83139407501779
    },
    "pct_naive_regret_closed_calibrated": {
      "mean": 87.45522520055823,
      "sd": 2.1959431857521152
    },
    "base_predictive_coverage": {
      "mean": 0.8774999999999998,
      "sd": 0.027708539439940474
    },
    "predictive_coverage": {
      "mean": 0.9323750000000001,
      "sd": 0.01972633492247569
    },
    "interval_expansion": {
      "mean": 0.85,
      "sd": 0.36634754853252327
    }
  },
  "temperature_sweep": [
    {
      "T_true": 0.3,
      "regret_naive_pct_mean": 3.8855802876030556,
      "regret_naive_pct_sd": 0.46796307228231226,
      "regret_temperature_pct_mean": 0.5033455582289457,
      "regret_temperature_pct_sd": 0.10003172729790123,
      "regret_calibrated_pct_mean": 0.3272486567678041,
      "regret_calibrated_pct_sd": 0.06833294553655966,
      "regret_upper_pct_mean": 0.3824936489404144,
      "regret_upper_pct_sd": 0.18069483903943864,
      "predictive_coverage_mean": 0.93,
      "predictive_coverage_sd": 0.023413976290119674
    },
    {
      "T_true": 0.4,
      "regret_naive_pct_mean": 3.119948168176973,
      "regret_naive_pct_sd": 0.3817060734932603,
      "regret_temperature_pct_mean": 0.5044958248438486,
      "regret_temperature_pct_sd": 0.10038772622355133,
      "regret_calibrated_pct_mean": 0.32299612145854717,
      "regret_calibrated_pct_sd": 0.06961149929891935,
      "regret_upper_pct_mean": 0.3811253706414186,
      "regret_upper_pct_sd": 0.18889403004668223,
      "predictive_coverage_mean": 0.9309375,
      "predictive_coverage_sd": 0.023104479312153165
    },
    {
      "T_true": 0.5,
      "regret_naive_pct_mean": 2.3836384972016402,
      "regret_naive_pct_sd": 0.3339777738712297,
      "regret_temperature_pct_mean": 0.5044972777269243,
      "regret_temperature_pct_sd": 0.10038812339046113,
      "regret_calibrated_pct_mean": 0.3169612373954789,
      "regret_calibrated_pct_sd": 0.06973903058907448,
      "regret_upper_pct_mean": 0.38434732577751496,
      "regret_upper_pct_sd": 0.20434938914581338,
      "predictive_coverage_mean": 0.9334374999999999,
      "predictive_coverage_sd": 0.022714748984493997
    },
    {
      "T_true": 0.7,
      "regret_naive_pct_mean": 1.2447263042443217,
      "regret_naive_pct_sd": 0.230693092876753,
      "regret_temperature_pct_mean": 0.5044972441769601,
      "regret_temperature_pct_sd": 0.10038813214976366,
      "regret_calibrated_pct_mean": 0.3074958811956519,
      "regret_calibrated_pct_sd": 0.07033394390585258,
      "regret_upper_pct_mean": 0.37660180963633133,
      "regret_upper_pct_sd": 0.2018226507222439,
      "predictive_coverage_mean": 0.9359375,
      "predictive_coverage_sd": 0.023181639132234425
    },
    {
      "T_true": 0.9,
      "regret_naive_pct_mean": 0.5886223061958115,
      "regret_naive_pct_sd": 0.18348468743765053,
      "regret_temperature_pct_mean": 0.5044972738994349,
      "regret_temperature_pct_sd": 0.10038815278061664,
      "regret_calibrated_pct_mean": 0.3008924048475796,
      "regret_calibrated_pct_sd": 0.07127853174870113,
      "regret_upper_pct_mean": 0.3624611430441771,
      "regret_upper_pct_sd": 0.206553648056432,
      "predictive_coverage_mean": 0.9321875,
      "predictive_coverage_sd": 0.02296882592310097
    },
    {
      "T_true": 1.0,
      "regret_naive_pct_mean": 0.41516677192811,
      "regret_naive_pct_sd": 0.1716668099415406,
      "regret_temperature_pct_mean": 0.5044972643548372,
      "regret_temperature_pct_sd": 0.10038811894737587,
      "regret_calibrated_pct_mean": 0.2983731701559707,
      "regret_calibrated_pct_sd": 0.07171636423224241,
      "regret_upper_pct_mean": 0.3624779183288614,
      "regret_upper_pct_sd": 0.20535083928216605,
      "predictive_coverage_mean": 0.9325,
      "predictive_coverage_sd": 0.023641670233479104
    },
    {
      "T_true": 1.2,
      "regret_naive_pct_mean": 0.27307001806635467,
      "regret_naive_pct_sd": 0.142293944070419,
      "regret_temperature_pct_mean": 0.5044972277758317,
      "regret_temperature_pct_sd": 0.10038811639703005,
      "regret_calibrated_pct_mean": 0.29449778093962986,
      "regret_calibrated_pct_sd": 0.07256334296310397,
      "regret_upper_pct_mean": 0.35921645596032925,
      "regret_upper_pct_sd": 0.21076319089641643,
      "predictive_coverage_mean": 0.9334374999999999,
      "predictive_coverage_sd": 0.023181639132234436
    },
    {
      "T_true": 1.6,
      "regret_naive_pct_mean": 0.3610053863294326,
      "regret_naive_pct_sd": 0.08807498936513086,
      "regret_temperature_pct_mean": 0.5044973015768368,
      "regret_temperature_pct_sd": 0.10038812033303618,
      "regret_calibrated_pct_mean": 0.28990601412932737,
      "regret_calibrated_pct_sd": 0.07395233412340886,