{
  "schema_version": 2,
  "method_notes": {
    "data_roles": "disjoint temperature-fit, evaluation, and deployment batches",
    "decision_calibrator": "binary Platt scaling for the human-presence risk proxy",
    "count_interval": "Poisson-binomial realised-count interval with width calibrated on a separate deployment-sized labelled batch",
    "upper_policy": "predictive upper-bound / interval-robust; not distributionally robust optimisation"
  },
  "single": {
    "seed": 1234.0,
    "T_true": 0.45,
    "T_hat": 4.5072634721013625,
    "platt_slope": 0.3566667089144318,
    "platt_intercept": -0.8873155587540469,
    "fit_images": 6408.0,
    "evaluation_images": 4840.0,
    "interval_calibration_images": 16047.0,
    "deployment_images": 16228.0,
    "interval_expansion": 1.0,
    "base_predictive_coverage": 0.9,
    "predictive_coverage": 0.9525,
    "nominal_predictive_coverage": 0.9,
    "top_ece_raw": 0.3276090064806103,
    "top_ece_temperature": 0.04102930672471301,
    "multiclass_brier_raw": 0.8384612121769336,
    "multiclass_brier_temperature": 0.6542919762754018,
    "multiclass_nll_raw": 1.854442617761877,
    "multiclass_nll_temperature": 1.1902144291220869,
    "threat_ece_raw": 0.10518276603277515,
    "threat_ece_temperature": 0.06686401507349615,
    "threat_ece_platt": 0.018745688745215105,
    "threat_brier_raw": 0.11942919361522601,
    "threat_brier_temperature": 0.09345116575568926,
    "threat_brier_platt": 0.08904614089983955,
    "utility_oracle": 484.1239534906695,
    "utility_naive": 468.4629452387771,
    "utility_temperature": 479.5813064240313,
    "utility_calibrated": 482.0009799548247,
    "utility_upper": 482.28904006385005,
    "regret_naive": 15.66100825189244,
    "regret_naive_pct": 3.2349170370464377,
    "regret_temperature": 4.54264706663821,
    "regret_temperature_pct": 0.9383231368504802,
    "regret_calibrated": 2.122973535844835,
    "regret_calibrated_pct": 0.4385185902365707,
    "regret_upper": 1.834913426819469,
    "regret_upper_pct": 0.37901727720539924,
    "pct_naive_regret_closed_temperature": 70.99390413711527,
    "pct_naive_regret_closed_calibrated": 86.44420907199063,
    "pct_naive_regret_closed_upper": 88.2835549454631
  },
  "multiseed_summary": {
    "top_ece_raw": {
      "mean": 0.3410826684124665,
      "sd": 0.010412384779504359
    },
    "top_ece_temperature": {
      "mean": 0.04835500609410852,
      "sd": 0.010423010339097215
    },
    "threat_ece_raw": {
      "mean": 0.1106593894482423,
      "sd": 0.013437252725704393
    },
    "threat_ece_temperature": {
      "mean": 0.05675444049531626,
      "sd": 0.005433501722413505
    },
    "threat_ece_platt": {
      "mean": 0.016783124908427483,
      "sd": 0.00454319234411628
    },
    "regret_naive_pct": {
      "mean": 2.637456387417052,
      "sd": 0.5083961338514843
    },
    "regret_temperature_pct": {
      "mean": 0.5448830569382008,
      "sd": 0.21088744552689118
    },
    "regret_calibrated_pct": {
      "mean": 0.32845384649906173,
      "sd": 0.08096935643930486
    },
    "regret_upper_pct": {
      "mean": 0.3391198438107234,
      "sd": 0.15188259550779196
    },
    "pct_naive_regret_closed_temperature": {
      "mean": 79.66505245233486,
      "sd": 4.8313940750058295
    },
    "pct_naive_regret_closed_calibrated": {
      "mean": 87.45522520055833,
      "sd": 2.1959431857520633
    },
    "base_predictive_coverage": {
      "mean": 0.8774999999999998,
      "sd": 0.027708539439940474
    },
    "predictive_coverage": {
      "mean": 0.9323750000000001,
      "sd": 0.01972633492247569
    },
    "interval_expansion": {
      "mean": 0.85,
      "sd": 0.36634754853252327
    }
  },
  "temperature_sweep": [
    {
      "T_true": 0.3,
      "regret_naive_pct_mean": 3.885580287603057,
      "regret_naive_pct_sd": 0.46796307228230544,
      "regret_temperature_pct_mean": 0.5033455582286012,
      "regret_temperature_pct_sd": 0.10003172729772686,
      "regret_calibrated_pct_mean": 0.3272486567678041,
      "regret_calibrated_pct_sd": 0.06833294553656154,
      "regret_upper_pct_mean": 0.38249364894042037,
      "regret_upper_pct_sd": 0.18069483903943795,
      "predictive_coverage_mean": 0.93,
      "predictive_coverage_sd": 0.023413976290119674
    },
    {
      "T_true": 0.4,
      "regret_naive_pct_mean": 3.119948168176975,
      "regret_naive_pct_sd": 0.38170607349325786,
      "regret_temperature_pct_mean": 0.5044958248339129,
      "regret_temperature_pct_sd": 0.10038772620802235,
      "regret_calibrated_pct_mean": 0.32299612145854717,
      "regret_calibrated_pct_sd": 0.06961149929891726,
      "regret_upper_pct_mean": 0.3811253706414186,
      "regret_upper_pct_sd": 0.18889403004668223,
      "predictive_coverage_mean": 0.9309375,
      "predictive_coverage_sd": 0.023104479312153165
    },
    {
      "T_true": 0.5,
      "regret_naive_pct_mean": 2.3836384972016385,
      "regret_naive_pct_sd": 0.3339777738712244,
      "regret_temperature_pct_mean": 0.5044972777268968,
      "regret_temperature_pct_sd": 0.10038812339044512,
      "regret_calibrated_pct_mean": 0.3169612373954772,
      "regret_calibrated_pct_sd": 0.06973903058907012,
      "regret_upper_pct_mean": 0.3843473257775134,
      "regret_upper_pct_sd": 0.2043493891458112,
      "predictive_coverage_mean": 0.9334374999999999,
      "predictive_coverage_sd": 0.022714748984493997
    },
    {
      "T_true": 0.7,
      "regret_naive_pct_mean": 1.2447263042443246,
      "regret_naive_pct_sd": 0.2306930928767458,
      "regret_temperature_pct_mean": 0.5044972441776943,
      "regret_temperature_pct_sd": 0.1003881321501671,
      "regret_calibrated_pct_mean": 0.30749588119565185,
      "regret_calibrated_pct_sd": 0.07033394390584934,
      "regret_upper_pct_mean": 0.3766018096363328,
      "regret_upper_pct_sd": 0.20182265072224254,
      "predictive_coverage_mean": 0.9359375,
      "predictive_coverage_sd": 0.023181639132234425
    },
    {
      "T_true": 0.9,
      "regret_naive_pct_mean": 0.588622306195813,
      "regret_naive_pct_sd": 0.18348468743765015,
      "regret_temperature_pct_mean": 0.504497273899738,
      "regret_temperature_pct_sd": 0.1003881527809988,
      "regret_calibrated_pct_mean": 0.3008924048475767,
      "regret_calibrated_pct_sd": 0.07127853174869855,
      "regret_upper_pct_mean": 0.36246114304417554,
      "regret_upper_pct_sd": 0.20655364805642992,
      "predictive_coverage_mean": 0.9321875,
      "predictive_coverage_sd": 0.02296882592310097
    },
    {
      "T_true": 1.0,
      "regret_naive_pct_mean": 0.4151667719281128,
      "regret_naive_pct_sd": 0.17166680994153685,
      "regret_temperature_pct_mean": 0.5044972643571661,
      "regret_temperature_pct_sd": 0.10038811894850377,
      "regret_calibrated_pct_mean": 0.2983731701559722,
      "regret_calibrated_pct_sd": 0.07171636423223082,
      "regret_upper_pct_mean": 0.36247791832886284,
      "regret_upper_pct_sd": 0.2053508392821653,
      "predictive_coverage_mean": 0.9325,
      "predictive_coverage_sd": 0.023641670233479104
    },
    {
      "T_true": 1.2,
      "regret_naive_pct_mean": 0.27307001806635456,
      "regret_naive_pct_sd": 0.1422939440704179,
      "regret_temperature_pct_mean": 0.5044972277758337,
      "regret_temperature_pct_sd": 0.10038811639733049,
      "regret_calibrated_pct_mean": 0.29449778093963264,
      "regret_calibrated_pct_sd": 0.07256334296311095,
      "regret_upper_pct_mean": 0.35921645596032914,
      "regret_upper_pct_sd": 0.210763190896413,
      "predictive_coverage_mean": 0.9334374999999999,
      "predictive_coverage_sd": 0.023181639132234436
    },
    {
      "T_true": 1.6,
      "regret_naive_pct_mean": 0.361005386329434,
      "regret_naive_pct_sd": 0.08807498936512151,
      "regret_temperature_pct_mean": 0.5044973015767622,
      "regret_temperature_pct_sd": 0.10038812033309116,
      "regret_calibrated_pct_mean": 0.28990601412932876,
      "regret_calibrated_pct_sd": 0.07395233412340906,